{
    "data": {
        "lookups": [
            "keywords",
            "free-text"
        ],
        "name": "back_pain",
        "lang": "el",
        "id": "back_pain",
        "doc": "User-defined entity",
        "builtin": false,
        "values": [
            {
                "value": "\u03c0\u03bb\u03ac\u03c4\u03b7",
                "expressions": [
                    "\u03c0\u03bb\u03ac\u03c4\u03b7"
                ]
            },
            {
                "value": "\u03bc\u03ad\u03c3\u03b7",
                "expressions": [
                    "\u03bc\u03ad\u03c3\u03b7"
                ]
            }
        ]
    }
}
