{
    "data": {
        "lookups": [
            "keywords",
            "free-text"
        ],
        "name": "headache",
        "lang": "el",
        "id": "headache",
        "doc": "User-defined entity",
        "builtin": false,
        "values": [
            {
                "value": "\u03a0\u03bf\u03bd\u03ac\u03b5\u03b9 \u03c4\u03bf \u03ba\u03b5\u03c6\u03ac\u03bb\u03b9",
                "expressions": [
                    "\u03a0\u03bf\u03bd\u03ac\u03b5\u03b9 \u03c4\u03bf \u03ba\u03b5\u03c6\u03ac\u03bb\u03b9",
                    "\u03c0\u03bf\u03bd\u03ac\u03b5\u03b9 \u03c4\u03bf \u03ba\u03b5\u03c6\u03ac\u03bb\u03b9"
                ]
            },
            {
                "value": "\u03c0\u03bf\u03bd\u03ac\u03b5\u03b9 \u03c0\u03ac\u03c1\u03b1 \u03c0\u03bf\u03bb\u03cd \u03c4\u03bf \u03ba\u03b5\u03c6\u03ac\u03bb\u03b9",
                "expressions": [
                    "\u03c0\u03bf\u03bd\u03ac\u03b5\u03b9 \u03c0\u03ac\u03c1\u03b1 \u03c0\u03bf\u03bb\u03cd \u03c4\u03bf \u03ba\u03b5\u03c6\u03ac\u03bb\u03b9"
                ]
            },
            {
                "value": "\u03c0\u03cc\u03bd\u03bf \u03c3\u03c4\u03bf \u03ba\u03b5\u03c6\u03ac\u03bb\u03b9",
                "expressions": [
                    "\u03c0\u03cc\u03bd\u03bf \u03c3\u03c4\u03bf \u03ba\u03b5\u03c6\u03ac\u03bb\u03b9"
                ]
            },
            {
                "value": "\u03b7\u03bc\u03b9\u03ba\u03c1\u03b1\u03bd\u03af\u03b5\u03c2",
                "expressions": [
                    "\u03b7\u03bc\u03b9\u03ba\u03c1\u03b1\u03bd\u03af\u03b5\u03c2"
                ]
            },
            {
                "value": "\u03c0\u03bf\u03bd\u03bf\u03ba\u03ad\u03c6\u03b1\u03bb\u03bf",
                "expressions": [
                    "\u03c0\u03bf\u03bd\u03bf\u03ba\u03ad\u03c6\u03b1\u03bb\u03bf"
                ]
            }
        ]
    }
}
