{
    "data": {
        "lookups": [
            "trait"
        ],
        "name": "intent",
        "lang": "el",
        "id": "intent",
        "doc": "User-defined entity",
        "builtin": false,
        "values": [
            {
                "value": "yes_response",
                "expressions": []
            },
            {
                "value": "no_response",
                "expressions": []
            },
            {
                "value": "change_address",
                "expressions": []
            },
            {
                "value": "symptom",
                "expressions": []
            }
        ]
    }
}
