{
    "data": {
        "lookups": [
            "keywords",
            "free-text"
        ],
        "name": "stomach_ache",
        "lang": "el",
        "id": "stomach_ache",
        "doc": "User-defined entity",
        "builtin": false,
        "values": [
            {
                "value": "\u03a0\u03bf\u03bd\u03ac\u03b5\u03b9 \u03b7 \u03ba\u03bf\u03b9\u03bb\u03b9\u03ac",
                "expressions": [
                    "\u03a0\u03bf\u03bd\u03ac\u03b5\u03b9 \u03b7 \u03ba\u03bf\u03b9\u03bb\u03b9\u03ac"
                ]
            },
            {
                "value": "\u03a0\u03bf\u03bd\u03ac\u03b5\u03b9 \u03c4\u03bf \u03c3\u03c4\u03bf\u03bc\u03ac\u03c7\u03b9",
                "expressions": [
                    "\u03a0\u03bf\u03bd\u03ac\u03b5\u03b9 \u03c4\u03bf \u03c3\u03c4\u03bf\u03bc\u03ac\u03c7\u03b9"
                ]
            },
            {
                "value": "\u03c0\u03cc\u03bd\u03bf \u03c3\u03c4\u03b7\u03bd \u03ba\u03bf\u03b9\u03bb\u03b9\u03b1\u03ba\u03ae \u03c7\u03ce\u03c1\u03b1",
                "expressions": [
                    "\u03c0\u03cc\u03bd\u03bf \u03c3\u03c4\u03b7\u03bd \u03ba\u03bf\u03b9\u03bb\u03b9\u03b1\u03ba\u03ae \u03c7\u03ce\u03c1\u03b1"
                ]
            },
            {
                "value": "\u03c0\u03cc\u03bd\u03bf\u03c5\u03c2 \u03c3\u03c4\u03b7\u03bd \u03ba\u03bf\u03b9\u03bb\u03b9\u03ac",
                "expressions": [
                    "\u03c0\u03cc\u03bd\u03bf\u03c5\u03c2 \u03c3\u03c4\u03b7\u03bd \u03ba\u03bf\u03b9\u03bb\u03b9\u03ac"
                ]
            },
            {
                "value": "\u03c3\u03c4\u03bf\u03bc\u03b1\u03c7\u03cc\u03c0\u03bf\u03bd\u03bf",
                "expressions": [
                    "\u03c3\u03c4\u03bf\u03bc\u03b1\u03c7\u03cc\u03c0\u03bf\u03bd\u03bf"
                ]
            },
            {
                "value": "\u03c0\u03cc\u03bd\u03bf \u03c3\u03c4\u03b7\u03bd \u03ba\u03bf\u03b9\u03bb\u03b9\u03ac",
                "expressions": [
                    "\u03c0\u03cc\u03bd\u03bf \u03c3\u03c4\u03b7\u03bd \u03ba\u03bf\u03b9\u03bb\u03b9\u03ac"
                ]
            },
            {
                "value": "\u03c0\u03bf\u03bd\u03cc\u03ba\u03bf\u03b9\u03bb\u03bf",
                "expressions": [
                    "\u03c0\u03bf\u03bd\u03cc\u03ba\u03bf\u03b9\u03bb\u03bf"
                ]
            }
        ]
    }
}
