{
    "data": [
        {
            "text": "\u039a\u03b1\u03bb\u03b7\u03c3\u03c0\u03ad\u03c1\u03b1, \u03bd\u03bf\u03b9\u03ce\u03b8\u03c9 \u03c0\u03cc\u03bd\u03bf \u03c3\u03c4\u03b7\u03bd \u03bc\u03ad\u03c3\u03b7. \u03a4\u03b9 \u03bd\u03b1 \u03ba\u03ac\u03bd\u03c9;",
            "entities": [
                {
                    "entity": "intent",
                    "value": "\"symptom\""
                },
                {
                    "entity": "back_pain",
                    "value": "\"\\u03bc\\u03ad\\u03c3\\u03b7\"",
                    "start": 28,
                    "end": 32
                }
            ]
        },
        {
            "text": "\u03a0\u03bf\u03bd\u03ac\u03c9 \u03c3\u03c4\u03b7\u03bd \u03c0\u03bb\u03ac\u03c4\u03b7. \u03a4\u03b9 \u03bc\u03c0\u03bf\u03c1\u03ce \u03bd\u03b1 \u03ba\u03ac\u03bd\u03c9;",
            "entities": [
                {
                    "entity": "intent",
                    "value": "\"symptom\""
                },
                {
                    "entity": "back_pain",
                    "value": "\"\\u03c0\\u03bb\\u03ac\\u03c4\\u03b7\"",
                    "start": 11,
                    "end": 16
                }
            ]
        },
        {
            "text": "\u0388\u03c7\u03c9 \u03c0\u03cc\u03bd\u03bf\u03c5\u03c2 \u03c3\u03c4\u03b7\u03bd \u03c0\u03bb\u03ac\u03c4\u03b7.",
            "entities": [
                {
                    "entity": "intent",
                    "value": "\"symptom\""
                },
                {
                    "entity": "back_pain",
                    "value": "\"\\u03c0\\u03bb\\u03ac\\u03c4\\u03b7\"",
                    "start": 16,
                    "end": 21
                }
            ]
        },
        {
            "text": "\u039c\u03b5 \u03c0\u03bf\u03bd\u03ac\u03b5\u03b9 \u03c0\u03ac\u03c1\u03b1 \u03c0\u03bf\u03bb\u03cd \u03b7 \u03c0\u03bb\u03ac\u03c4\u03b7.",
            "entities": [
                {
                    "entity": "intent",
                    "value": "\"symptom\""
                },
                {
                    "entity": "back_pain",
                    "value": "\"\\u03c0\\u03bb\\u03ac\\u03c4\\u03b7\"",
                    "start": 22,
                    "end": 27
                }
            ]
        },
        {
            "text": "\u039d\u03bf\u03b9\u03ce\u03b8\u03c9 \u03c0\u03cc\u03bd\u03bf \u03c3\u03c4\u03b7\u03bd \u03bc\u03ad\u03c3\u03b7.",
            "entities": [
                {
                    "entity": "intent",
                    "value": "\"symptom\""
                },
                {
                    "entity": "back_pain",
                    "value": "\"\\u03bc\\u03ad\\u03c3\\u03b7\"",
                    "start": 17,
                    "end": 21
                }
            ]
        },
        {
            "text": "\u03a0\u03bf\u03bd\u03ac\u03b5\u03b9 \u03b7 \u03c0\u03bb\u03ac\u03c4\u03b7",
            "entities": [
                {
                    "entity": "intent",
                    "value": "\"symptom\""
                },
                {
                    "entity": "back_pain",
                    "value": "\"\\u03c0\\u03bb\\u03ac\\u03c4\\u03b7\"",
                    "start": 9,
                    "end": 14
                }
            ]
        },
        {
            "text": "\u0388\u03c7\u03c9 \u03c6\u03bf\u03b2\u03b5\u03c1\u03bf\u03cd\u03c2 \u03c0\u03cc\u03bd\u03bf\u03c5\u03c2 \u03c3\u03c4\u03b7\u03bd \u03c0\u03bb\u03ac\u03c4\u03b7. \u039c\u03c0\u03bf\u03c1\u03ce \u03bd\u03b1 \u03ba\u03ac\u03bd\u03c9 \u03ba\u03ac\u03c4\u03b9;",
            "entities": [
                {
                    "entity": "intent",
                    "value": "\"symptom\""
                },
                {
                    "entity": "back_pain",
                    "value": "\"\\u03c0\\u03bb\\u03ac\\u03c4\\u03b7\"",
                    "start": 25,
                    "end": 30
                }
            ]
        },
        {
            "text": "\u0388\u03c7\u03c9 \u03b5\u03bd\u03bf\u03c7\u03bb\u03ae\u03c3\u03b5\u03b9\u03c2 \u03c3\u03c4\u03b7\u03bd \u03c0\u03bb\u03ac\u03c4\u03b7.",
            "entities": [
                {
                    "entity": "intent",
                    "value": "\"symptom\""
                },
                {
                    "entity": "back_pain",
                    "value": "\"\\u03c0\\u03bb\\u03ac\\u03c4\\u03b7\"",
                    "start": 20,
                    "end": 25
                }
            ]
        },
        {
            "text": "\u03a0\u03bf\u03bd\u03ac\u03b5\u03b9 \u03b7 \u03c0\u03bb\u03ac\u03c4\u03b7 \u03bc\u03bf\u03c5, \u03c4\u03b9 \u03c0\u03c1\u03bf\u03c4\u03b5\u03af\u03bd\u03b5\u03b9\u03c2 ;",
            "entities": [
                {
                    "entity": "intent",
                    "value": "\"symptom\""
                },
                {
                    "entity": "back_pain",
                    "value": "\"\\u03c0\\u03bb\\u03ac\\u03c4\\u03b7\"",
                    "start": 9,
                    "end": 14
                }
            ]
        },
        {
            "text": "\u039d\u03bf\u03b9\u03ce\u03b8\u03c9 \u03c0\u03cc\u03bd\u03bf \u03c3\u03c4\u03b7\u03bd \u03c0\u03bb\u03ac\u03c4\u03b7, \u03c4\u03b9 \u03ad\u03c7\u03b5\u03b9\u03c2 \u03bd\u03b1 \u03bc\u03b5 \u03c0\u03c1\u03bf\u03c4\u03b5\u03af\u03bd\u03b5\u03b9\u03c2",
            "entities": [
                {
                    "entity": "intent",
                    "value": "\"symptom\""
                },
                {
                    "entity": "back_pain",
                    "value": "\"\\u03c0\\u03bb\\u03ac\\u03c4\\u03b7\"",
                    "start": 17,
                    "end": 22
                }
            ]
        },
        {
            "text": "\u0388\u03c7\u03c9 \u03c0\u03bf\u03bd\u03bf\u03ba\u03ad\u03c6\u03b1\u03bb\u03bf.",
            "entities": [
                {
                    "entity": "intent",
                    "value": "\"symptom\""
                },
                {
                    "entity": "headache",
                    "value": "\"\\u03c0\\u03bf\\u03bd\\u03bf\\u03ba\\u03ad\\u03c6\\u03b1\\u03bb\\u03bf\"",
                    "start": 4,
                    "end": 14
                }
            ]
        },
        {
            "text": "\u0388\u03c7\u03c9 \u03c4\u03c1\u03bf\u03bc\u03b5\u03c1\u03cc \u03c0\u03bf\u03bd\u03bf\u03ba\u03ad\u03c6\u03b1\u03bb\u03bf, \u03c4\u03b9 \u03bc\u03c0\u03bf\u03c1\u03ce \u03bd\u03b1 \u03ba\u03ac\u03bd\u03c9;",
            "entities": [
                {
                    "entity": "intent",
                    "value": "\"symptom\""
                },
                {
                    "entity": "headache",
                    "value": "\"\\u03c0\\u03bf\\u03bd\\u03bf\\u03ba\\u03ad\\u03c6\\u03b1\\u03bb\\u03bf\"",
                    "start": 12,
                    "end": 22
                }
            ]
        },
        {
            "text": "\u0388\u03c7\u03c9 \u03b7\u03bc\u03b9\u03ba\u03c1\u03b1\u03bd\u03af\u03b5\u03c2, \u03c4\u03b9 \u03bd\u03b1 \u03ba\u03ac\u03bd\u03c9;",
            "entities": [
                {
                    "entity": "intent",
                    "value": "\"symptom\""
                },
                {
                    "entity": "headache",
                    "value": "\"\\u03b7\\u03bc\\u03b9\\u03ba\\u03c1\\u03b1\\u03bd\\u03af\\u03b5\\u03c2\"",
                    "start": 4,
                    "end": 14
                }
            ]
        },
        {
            "text": "\u039c\u03b5 \u03ad\u03c7\u03b5\u03b9 \u03c0\u03b9\u03ac\u03c3\u03b5\u03b9 \u03c0\u03bf\u03bd\u03bf\u03ba\u03ad\u03c6\u03b1\u03bb\u03bf\u03c2, \u03c4\u03b9 \u03bd\u03b1 \u03ba\u03ac\u03bd\u03c9;",
            "entities": [
                {
                    "entity": "intent",
                    "value": "\"symptom\""
                },
                {
                    "entity": "headache",
                    "value": "\"\\u03c0\\u03bf\\u03bd\\u03bf\\u03ba\\u03ad\\u03c6\\u03b1\\u03bb\\u03bf\"",
                    "start": 15,
                    "end": 25
                }
            ]
        },
        {
            "text": "\u0388\u03c7\u03c9 \u03c0\u03bf\u03bb\u03cd \u03b4\u03c5\u03bd\u03b1\u03c4\u03cc \u03c0\u03bf\u03bd\u03bf\u03ba\u03ad\u03c6\u03b1\u03bb\u03bf\u03c2",
            "entities": [
                {
                    "entity": "intent",
                    "value": "\"symptom\""
                },
                {
                    "entity": "headache",
                    "value": "\"\\u03c0\\u03bf\\u03bd\\u03bf\\u03ba\\u03ad\\u03c6\\u03b1\\u03bb\\u03bf\"",
                    "start": 16,
                    "end": 26
                }
            ]
        },
        {
            "text": "\u039d\u03bf\u03b9\u03ce\u03b8\u03c9 \u03c0\u03cc\u03bd\u03bf \u03c3\u03c4\u03bf \u03ba\u03b5\u03c6\u03ac\u03bb\u03b9; \u03a4\u03b9 \u03bd\u03b1 \u03ba\u03ac\u03bd\u03c9;",
            "entities": [
                {
                    "entity": "intent",
                    "value": "\"symptom\""
                },
                {
                    "entity": "headache",
                    "value": "\"\\u03c0\\u03cc\\u03bd\\u03bf \\u03c3\\u03c4\\u03bf \\u03ba\\u03b5\\u03c6\\u03ac\\u03bb\\u03b9\"",
                    "start": 7,
                    "end": 22
                }
            ]
        },
        {
            "text": "\u039c\u03b5 \u03c0\u03bf\u03bd\u03ac\u03b5\u03b9 \u03c0\u03ac\u03c1\u03b1 \u03c0\u03bf\u03bb\u03cd \u03c4\u03bf \u03ba\u03b5\u03c6\u03ac\u03bb\u03b9",
            "entities": [
                {
                    "entity": "intent",
                    "value": "\"symptom\""
                },
                {
                    "entity": "headache",
                    "value": "\"\\u03c0\\u03bf\\u03bd\\u03ac\\u03b5\\u03b9 \\u03c0\\u03ac\\u03c1\\u03b1 \\u03c0\\u03bf\\u03bb\\u03cd \\u03c4\\u03bf \\u03ba\\u03b5\\u03c6\\u03ac\\u03bb\\u03b9\"",
                    "start": 3,
                    "end": 29
                }
            ]
        },
        {
            "text": "\u0388\u03c7\u03c9 \u03c0\u03bf\u03bb\u03cd \u03b4\u03c5\u03bd\u03b1\u03c4\u03ad\u03c2 \u03b7\u03bc\u03b9\u03ba\u03c1\u03b1\u03bd\u03af\u03b5\u03c2",
            "entities": [
                {
                    "entity": "intent",
                    "value": "\"symptom\""
                },
                {
                    "entity": "headache",
                    "value": "\"\\u03b7\\u03bc\\u03b9\\u03ba\\u03c1\\u03b1\\u03bd\\u03af\\u03b5\\u03c2\"",
                    "start": 17,
                    "end": 27
                }
            ]
        },
        {
            "text": "\u039d\u03bf\u03b9\u03ce\u03b8\u03c9 \u03b7\u03bc\u03b9\u03ba\u03c1\u03b1\u03bd\u03af\u03b5\u03c2 \u03c3\u03c4\u03bf \u03c0\u03af\u03c3\u03c9 \u03bc\u03ad\u03c1\u03bf\u03c2 \u03c4\u03bf\u03c5 \u03ba\u03b5\u03c6\u03b1\u03bb\u03b9\u03bf\u03cd, \u03c4\u03b9 \u03bd\u03b1 \u03ba\u03ac\u03bd\u03c9;",
            "entities": [
                {
                    "entity": "intent",
                    "value": "\"symptom\""
                },
                {
                    "entity": "headache",
                    "value": "\"\\u03b7\\u03bc\\u03b9\\u03ba\\u03c1\\u03b1\\u03bd\\u03af\\u03b5\\u03c2\"",
                    "start": 7,
                    "end": 17
                }
            ]
        },
        {
            "text": "\u0388\u03c7\u03c9 \u03c0\u03bf\u03bd\u03bf\u03ba\u03ad\u03c6\u03b1\u03bb\u03bf, \u03bc\u03c0\u03bf\u03c1\u03ce \u03bd\u03b1 \u03ba\u03ac\u03bd\u03c9 \u03ba\u03ac\u03c4\u03b9.",
            "entities": [
                {
                    "entity": "intent",
                    "value": "\"symptom\""
                },
                {
                    "entity": "headache",
                    "value": "\"\\u03c0\\u03bf\\u03bd\\u03bf\\u03ba\\u03ad\\u03c6\\u03b1\\u03bb\\u03bf\"",
                    "start": 4,
                    "end": 14
                }
            ]
        },
        {
            "text": "\u0388\u03c7\u03c9 \u03c0\u03bf\u03bd\u03cc\u03ba\u03bf\u03b9\u03bb\u03bf \u03c4\u03b9 \u03bd\u03b1 \u03ba\u03ac\u03bd\u03c9;",
            "entities": [
                {
                    "entity": "intent",
                    "value": "\"symptom\""
                },
                {
                    "entity": "stomach_ache",
                    "value": "\"\\u03c0\\u03bf\\u03bd\\u03cc\\u03ba\\u03bf\\u03b9\\u03bb\\u03bf\"",
                    "start": 4,
                    "end": 13
                }
            ]
        },
        {
            "text": "\u0388\u03c7\u03c9 \u03c0\u03cc\u03bd\u03bf \u03c3\u03c4\u03b7\u03bd \u03ba\u03bf\u03b9\u03bb\u03b9\u03ac, \u03bc\u03c0\u03bf\u03c1\u03c9 \u03bd\u03b1 \u03ba\u03ac\u03bd\u03c9 \u03ba\u03ac\u03c4\u03b9;",
            "entities": [
                {
                    "entity": "intent",
                    "value": "\"symptom\""
                },
                {
                    "entity": "stomach_ache",
                    "value": "\"\\u03c0\\u03cc\\u03bd\\u03bf \\u03c3\\u03c4\\u03b7\\u03bd \\u03ba\\u03bf\\u03b9\\u03bb\\u03b9\\u03ac\"",
                    "start": 4,
                    "end": 20
                }
            ]
        },
        {
            "text": "\u0388\u03c7\u03c9 \u03c3\u03c4\u03bf\u03bc\u03b1\u03c7\u03cc\u03c0\u03bf\u03bd\u03bf, \u03c4\u03b9 \u03bd\u03b1 \u03ba\u03ac\u03bd\u03c9;",
            "entities": [
                {
                    "entity": "intent",
                    "value": "\"symptom\""
                },
                {
                    "entity": "stomach_ache",
                    "value": "\"\\u03c3\\u03c4\\u03bf\\u03bc\\u03b1\\u03c7\\u03cc\\u03c0\\u03bf\\u03bd\\u03bf\"",
                    "start": 4,
                    "end": 15
                }
            ]
        },
        {
            "text": "\u039d\u03bf\u03b9\u03ce\u03b8\u03c9 \u03c0\u03cc\u03bd\u03bf \u03c3\u03c4\u03b7\u03bd \u03ba\u03bf\u03b9\u03bb\u03b9\u03ac, \u03c4\u03b9 \u03bd\u03b1 \u03ba\u03ac\u03bd\u03c9;",
            "entities": [
                {
                    "entity": "intent",
                    "value": "\"symptom\""
                },
                {
                    "entity": "stomach_ache",
                    "value": "\"\\u03c0\\u03cc\\u03bd\\u03bf \\u03c3\\u03c4\\u03b7\\u03bd \\u03ba\\u03bf\\u03b9\\u03bb\\u03b9\\u03ac\"",
                    "start": 7,
                    "end": 23
                }
            ]
        },
        {
            "text": "\u0388\u03c7\u03c9 \u03c0\u03cc\u03bd\u03bf\u03c5\u03c2 \u03c3\u03c4\u03b7\u03bd \u03ba\u03bf\u03b9\u03bb\u03b9\u03ac, \u03c4\u03b9 \u03bc\u03c0\u03bf\u03c1\u03ce \u03bd\u03b1 \u03ba\u03ac\u03bd\u03c9;",
            "entities": [
                {
                    "entity": "intent",
                    "value": "\"symptom\""
                },
                {
                    "entity": "stomach_ache",
                    "value": "\"\\u03c0\\u03cc\\u03bd\\u03bf\\u03c5\\u03c2 \\u03c3\\u03c4\\u03b7\\u03bd \\u03ba\\u03bf\\u03b9\\u03bb\\u03b9\\u03ac\"",
                    "start": 4,
                    "end": 22
                }
            ]
        },
        {
            "text": "\u0388\u03c7\u03c9 \u03c0\u03bf\u03bd\u03cc\u03ba\u03bf\u03b9\u03bb\u03bf \u03c0\u03bf\u03c5 \u03b4\u03b5\u03bd \u03c3\u03c4\u03b1\u03bc\u03b1\u03c4\u03ac\u03b5\u03b9 \u03c4\u03b9 \u03bd\u03b1 \u03ba\u03ac\u03bd\u03c9;",
            "entities": [
                {
                    "entity": "intent",
                    "value": "\"symptom\""
                },
                {
                    "entity": "stomach_ache",
                    "value": "\"\\u03c0\\u03bf\\u03bd\\u03cc\\u03ba\\u03bf\\u03b9\\u03bb\\u03bf\"",
                    "start": 4,
                    "end": 13
                }
            ]
        },
        {
            "text": "\u039c\u03b5 \u03ad\u03c7\u03b5\u03b9 \u03c0\u03b9\u03ac\u03c3\u03b5\u03b9 \u03c0\u03bf\u03bd\u03cc\u03ba\u03bf\u03b9\u03bb\u03bf\u03c2",
            "entities": [
                {
                    "entity": "intent",
                    "value": "\"symptom\""
                }
            ]
        },
        {
            "text": "\u0391\u03b9\u03c3\u03b8\u03ac\u03bd\u03bf\u03bc\u03b1\u03b9 \u03b4\u03c5\u03bd\u03b1\u03c4\u03cc \u03c0\u03cc\u03bd\u03bf \u03c3\u03c4\u03b7\u03bd \u03ba\u03bf\u03b9\u03bb\u03b9\u03b1\u03ba\u03ae \u03c7\u03ce\u03c1\u03b1",
            "entities": [
                {
                    "entity": "intent",
                    "value": "\"symptom\""
                },
                {
                    "entity": "stomach_ache",
                    "value": "\"\\u03c0\\u03cc\\u03bd\\u03bf \\u03c3\\u03c4\\u03b7\\u03bd \\u03ba\\u03bf\\u03b9\\u03bb\\u03b9\\u03b1\\u03ba\\u03ae \\u03c7\\u03ce\\u03c1\\u03b1\"",
                    "start": 18,
                    "end": 41
                }
            ]
        },
        {
            "text": "\u039c\u03b5 \u03ad\u03c7\u03b5\u03b9 \u03c0\u03b9\u03ac\u03c3\u03b5\u03b9 \u03c3\u03bf\u03b2\u03b1\u03c1\u03cc\u03c2 \u03c0\u03bf\u03bd\u03cc\u03ba\u03bf\u03b9\u03bb\u03bf\u03c2",
            "entities": [
                {
                    "entity": "intent",
                    "value": "\"symptom\""
                },
                {
                    "entity": "stomach_ache",
                    "value": "\"\\u03c0\\u03bf\\u03bd\\u03cc\\u03ba\\u03bf\\u03b9\\u03bb\\u03bf\"",
                    "start": 23,
                    "end": 32
                }
            ]
        },
        {
            "text": "\u03a0\u03bf\u03bd\u03ac\u03b5\u03b9 \u03c4\u03bf \u03ba\u03b5\u03c6\u03ac\u03bb\u03b9 \u03bc\u03bf\u03c5, \u03c4\u03b9 \u03bc\u03c0\u03bf\u03c1\u03ce \u03bd\u03b1 \u03ba\u03ac\u03bd\u03c9;",
            "entities": [
                {
                    "entity": "intent",
                    "value": "\"symptom\""
                },
                {
                    "entity": "headache",
                    "value": "\"\\u03a0\\u03bf\\u03bd\\u03ac\\u03b5\\u03b9 \\u03c4\\u03bf \\u03ba\\u03b5\\u03c6\\u03ac\\u03bb\\u03b9\"",
                    "start": 0,
                    "end": 16
                }
            ]
        },
        {
            "text": "\u03a0\u03bf\u03bd\u03ac\u03b5\u03b9 \u03c4\u03bf \u03c3\u03c4\u03bf\u03bc\u03ac\u03c7\u03b9 \u03bc\u03bf\u03c5, \u03c4\u03b9 \u03bc\u03c0\u03bf\u03c1\u03ce \u03bd\u03b1 \u03ba\u03ac\u03bd\u03c9;",
            "entities": [
                {
                    "entity": "intent",
                    "value": "\"symptom\""
                },
                {
                    "entity": "stomach_ache",
                    "value": "\"\\u03a0\\u03bf\\u03bd\\u03ac\\u03b5\\u03b9 \\u03c4\\u03bf \\u03c3\\u03c4\\u03bf\\u03bc\\u03ac\\u03c7\\u03b9\"",
                    "start": 0,
                    "end": 18
                }
            ]
        },
        {
            "text": "\u03a0\u03bf\u03bd\u03ac\u03b5\u03b9 \u03b7 \u03ba\u03bf\u03b9\u03bb\u03b9\u03ac \u03bc\u03bf\u03c5, \u03c4\u03b9 \u03bd\u03b1 \u03ba\u03ac\u03bd\u03c9;",
            "entities": [
                {
                    "entity": "intent",
                    "value": "\"symptom\""
                },
                {
                    "entity": "stomach_ache",
                    "value": "\"\\u03a0\\u03bf\\u03bd\\u03ac\\u03b5\\u03b9 \\u03b7 \\u03ba\\u03bf\\u03b9\\u03bb\\u03b9\\u03ac\"",
                    "start": 0,
                    "end": 15
                }
            ]
        },
        {
            "text": "\u0398\u03ad\u03bb\u03c9 \u03bd\u03b1 \u03b1\u03bb\u03bb\u03ac\u03be\u03c9 \u03c4\u03b7\u03bd \u03b4\u03b9\u03b5\u03cd\u03b8\u03c5\u03bd\u03c3\u03b7 \u03bc\u03bf\u03c5",
            "entities": [
                {
                    "entity": "intent",
                    "value": "\"change_address\""
                }
            ]
        },
        {
            "text": "\u039c\u03b5\u03c4\u03b1\u03ba\u03cc\u03bc\u03b9\u03c3\u03b1 \u03ba\u03b1\u03b9 \u03b8\u03ad\u03bb\u03c9 \u03bd\u03b1 \u03b1\u03bd\u03b1\u03bd\u03b5\u03ce\u03c3\u03c9 \u03c4\u03b1 \u03c3\u03c4\u03bf\u03b9\u03c7\u03b5\u03af\u03b1 \u03bc\u03bf\u03c5",
            "entities": [
                {
                    "entity": "intent",
                    "value": "\"change_address\""
                }
            ]
        },
        {
            "text": "\u039c\u03cc\u03bb\u03b9\u03c2 \u03ac\u03bb\u03bb\u03b1\u03be\u03b1 \u03b4\u03b9\u03b5\u03cd\u03b8\u03c5\u03bd\u03c3\u03b7 \u03c4\u03b9 \u03c0\u03c1\u03ad\u03c0\u03b5\u03b9 \u03bd\u03b1 \u03ba\u03ac\u03bd\u03c9;",
            "entities": [
                {
                    "entity": "intent",
                    "value": "\"change_address\""
                }
            ]
        },
        {
            "text": "\u0395\u03c0\u03b9\u03b8\u03c5\u03bc\u03ce \u03bd\u03b1 \u03b1\u03bb\u03bb\u03ac\u03be\u03c9 \u03b4\u03b9\u03b5\u03cd\u03b8\u03c5\u03bd\u03c3\u03b7, \u03c4\u03b9 \u03c0\u03c1\u03ad\u03c0\u03b5\u03b9 \u03bd\u03b1 \u03ba\u03ac\u03bd\u03c9;",
            "entities": [
                {
                    "entity": "intent",
                    "value": "\"change_address\""
                }
            ]
        },
        {
            "text": "\u0386\u03bb\u03bb\u03b1\u03be\u03b1 \u03bc\u03cc\u03bd\u03b9\u03bc\u03b7 \u03ba\u03b1\u03c4\u03bf\u03b9\u03ba\u03af\u03b1 ",
            "entities": [
                {
                    "entity": "intent",
                    "value": "\"change_address\""
                }
            ]
        },
        {
            "text": "\u03a7\u03b8\u03ad\u03c2 \u03b5\u03ba\u03ac\u03bd\u03b1 \u03bc\u03b5\u03c4\u03b1\u03ba\u03cc\u03bc\u03b9\u03c3\u03b7 \u03c3\u03b5 \u03ba\u03b1\u03b9\u03bd\u03bf\u03cd\u03c1\u03b9\u03bf \u03c3\u03c0\u03af\u03c4\u03b9, \u03c4\u03b9 \u03c0\u03c1\u03ad\u03c0\u03b5\u03b9 \u03bd\u03b1 \u03ba\u03ac\u03bd\u03c9;",
            "entities": [
                {
                    "entity": "intent",
                    "value": "\"change_address\""
                }
            ]
        },
        {
            "text": "\u03a0\u03c1\u03b9\u03bd \u03bc\u03b5\u03c1\u03b9\u03ba\u03ad\u03c2 \u03b5\u03b2\u03b4\u03bf\u03bc\u03ac\u03b4\u03b5\u03c2 \u03ac\u03bb\u03bb\u03b1\u03be\u03b1 \u03c3\u03c0\u03af\u03c4\u03b9",
            "entities": [
                {
                    "entity": "intent",
                    "value": "\"change_address\""
                }
            ]
        },
        {
            "text": "\u03a0\u03bb\u03ad\u03bf\u03bd \u03b4\u03b5\u03bd \u03bc\u03ad\u03bd\u03c9 \u03c3\u03c4\u03b7\u03bd \u03af\u03b4\u03b9\u03b1 \u03b4\u03b9\u03b5\u03cd\u03b8\u03c5\u03bd\u03c3\u03b7 ",
            "entities": [
                {
                    "entity": "intent",
                    "value": "\"change_address\""
                }
            ]
        },
        {
            "text": "\u03a0\u03c1\u03cc\u03c3\u03c6\u03b1\u03c4\u03b1 \u03ac\u03c1\u03c7\u03b9\u03c3\u03b1 \u03bd\u03b1 \u03bc\u03ad\u03bd\u03c9 \u03c3\u03b5 \u03ac\u03bb\u03bb\u03b7 \u03ba\u03b1\u03c4\u03bf\u03b9\u03ba\u03af\u03b1, \u03c4\u03b9 \u03b3\u03af\u03bd\u03b5\u03c4\u03b1\u03b9 \u03c4\u03ce\u03c1\u03b1;",
            "entities": [
                {
                    "entity": "intent",
                    "value": "\"change_address\""
                }
            ]
        },
        {
            "text": "\u0388\u03c7\u03c9 \u03b1\u03bb\u03bb\u03ac\u03be\u03b5\u03b9 \u03b4\u03b9\u03b5\u03cd\u03b8\u03c5\u03bd\u03c3\u03b7 \u03ba\u03b1\u03c4\u03bf\u03b9\u03ba\u03af\u03b1\u03c2, \u03c0\u03bf\u03b9\u03ac \u03b5\u03af\u03bd\u03b1\u03b9 \u03c4\u03b1 \u03b5\u03c0\u03cc\u03bc\u03b5\u03bd\u03b1 \u03b2\u03ae\u03bc\u03b1\u03c4\u03b1;",
            "entities": [
                {
                    "entity": "intent",
                    "value": "\"change_address\""
                }
            ]
        },
        {
            "text": "\u03a0\u03c1\u03b9\u03bd \u03b1\u03c0\u03cc \u03bb\u03af\u03b3\u03bf \u03ba\u03b1\u03b9\u03c1\u03cc \u03ac\u03bb\u03bb\u03b1\u03be\u03b1 \u03c0\u03c1\u03ce\u03c4\u03b7 \u03ba\u03b1\u03c4\u03bf\u03b9\u03ba\u03af\u03b1, \u03c4\u03b9 \u03bc\u03c0\u03bf\u03c1\u03ce \u03bd\u03b1 \u03ba\u03ac\u03bd\u03c9;",
            "entities": [
                {
                    "entity": "intent",
                    "value": "\"change_address\""
                }
            ]
        },
        {
            "text": "\u0386\u03bb\u03bb\u03b1\u03be\u03b1 \u03c0\u03c1\u03cc\u03c3\u03c6\u03b1\u03c4\u03b1 \u03c3\u03c0\u03af\u03c4\u03b9, \u03c0\u03c1\u03ad\u03c0\u03b5\u03b9 \u03bd\u03b1 \u03ba\u03ac\u03bd\u03c9 \u03ba\u03ac\u03c4\u03b9;",
            "entities": [
                {
                    "entity": "intent",
                    "value": "\"change_address\""
                }
            ]
        },
        {
            "text": "\u039c\u03b5\u03c4\u03b1\u03ba\u03cc\u03bc\u03b9\u03c3\u03b1 \u03c3\u03b5 \u03bd\u03ad\u03bf \u03c7\u03ce\u03c1\u03bf, \u03c4\u03b9 \u03c0\u03c1\u03ad\u03c0\u03b5\u03b9 \u03bd\u03b1 \u03ba\u03ac\u03bd\u03c9 \u03b3\u03b9\u03b1 \u03bd\u03b1 \u03b1\u03bd\u03b1\u03bd\u03b5\u03ce\u03c3\u03c9 \u03c4\u03b7\u03bd \u03b4\u03b9\u03b5\u03cd\u03b8\u03c5\u03bd\u03c3\u03b7",
            "entities": [
                {
                    "entity": "intent",
                    "value": "\"change_address\""
                }
            ]
        },
        {
            "text": "\u038c\u03c7\u03b9 \u03b4\u03b5\u03bd \u03bc\u03b5 \u03b5\u03bd\u03b4\u03b9\u03b1\u03c6\u03ad\u03c1\u03b5\u03b9",
            "entities": [
                {
                    "entity": "intent",
                    "value": "\"no_response\""
                }
            ]
        },
        {
            "text": "\u0394\u03b5\u03bd \u03b8\u03ad\u03bb\u03c9",
            "entities": [
                {
                    "entity": "intent",
                    "value": "\"no_response\""
                }
            ]
        },
        {
            "text": "\u0394\u03b5\u03bd \u03c7\u03c1\u03b5\u03b9\u03ac\u03b6\u03b5\u03c4\u03b1\u03b9",
            "entities": [
                {
                    "entity": "intent",
                    "value": "\"no_response\""
                }
            ]
        },
        {
            "text": "\u038c\u03c7\u03b9",
            "entities": [
                {
                    "entity": "intent",
                    "value": "\"no_response\""
                }
            ]
        },
        {
            "text": "\u03bf\u03c7\u03b9",
            "entities": [
                {
                    "entity": "intent",
                    "value": "\"no_response\""
                }
            ]
        },
        {
            "text": "\u0394\u03b5\u03bd \u03c0\u03b5\u03b9\u03c1\u03ac\u03b6\u03b5\u03b9",
            "entities": [
                {
                    "entity": "intent",
                    "value": "\"no_response\""
                }
            ]
        },
        {
            "text": "\u0386\u03bb\u03bb\u03b7 \u03c6\u03bf\u03c1\u03ac",
            "entities": [
                {
                    "entity": "intent",
                    "value": "\"no_response\""
                }
            ]
        },
        {
            "text": "\u039c\u03c0\u03b1",
            "entities": [
                {
                    "entity": "intent",
                    "value": "\"no_response\""
                }
            ]
        },
        {
            "text": "\u039c\u03ac\u03bb\u03bb\u03bf\u03bd \u03cc\u03c7\u03b9",
            "entities": [
                {
                    "entity": "intent",
                    "value": "\"no_response\""
                }
            ]
        },
        {
            "text": "\u03cc\u03c7\u03b9 \u03bc\u03c9\u03c1\u03ad",
            "entities": [
                {
                    "entity": "intent",
                    "value": "\"no_response\""
                }
            ]
        },
        {
            "text": "\u039d\u03b1\u03b9",
            "entities": [
                {
                    "entity": "intent",
                    "value": "\"yes_response\""
                }
            ]
        },
        {
            "text": "\u0395\u03bd\u03c4\u03ac\u03be\u03b5\u03b9",
            "entities": [
                {
                    "entity": "intent",
                    "value": "\"yes_response\""
                }
            ]
        },
        {
            "text": "\u039d\u03b1\u03b9 \u03c0\u03b1\u03c1\u03b1\u03ba\u03b1\u03bb\u03ce",
            "entities": [
                {
                    "entity": "intent",
                    "value": "\"yes_response\""
                }
            ]
        },
        {
            "text": "\u0392\u03b5\u03b2\u03b1\u03af\u03c9\u03c2",
            "entities": [
                {
                    "entity": "intent",
                    "value": "\"yes_response\""
                }
            ]
        },
        {
            "text": "\u03a6\u03c5\u03c3\u03b9\u03ba\u03ac",
            "entities": [
                {
                    "entity": "intent",
                    "value": "\"yes_response\""
                }
            ]
        },
        {
            "text": "\u039d\u03b1\u03b9 \u03b8\u03b1 \u03ae\u03b8\u03b5\u03bb\u03b1",
            "entities": [
                {
                    "entity": "intent",
                    "value": "\"yes_response\""
                }
            ]
        },
        {
            "text": "\u039d\u03b1\u03b9 \u03b3\u03b9\u03b1\u03c4\u03af \u03cc\u03c7\u03b9;",
            "entities": [
                {
                    "entity": "intent",
                    "value": "\"yes_response\""
                }
            ]
        },
        {
            "text": "\u039d\u03b1\u03b9 \u03b8\u03b1 \u03b2\u03bf\u03b7\u03b8\u03bf\u03cd\u03c3\u03b5 \u03c0\u03bf\u03bb\u03cd",
            "entities": [
                {
                    "entity": "intent",
                    "value": "\"yes_response\""
                }
            ]
        },
        {
            "text": "\u03bf\u03ba",
            "entities": [
                {
                    "entity": "intent",
                    "value": "\"yes_response\""
                }
            ]
        },
        {
            "text": "\u039d\u03b1\u03b9, \u03b8\u03ad\u03bb\u03c9",
            "entities": [
                {
                    "entity": "intent",
                    "value": "\"yes_response\""
                }
            ]
        },
        {
            "text": "\u038c\u03c7\u03b9 \u03b5\u03c5\u03c7\u03b1\u03c1\u03b9\u03c3\u03c4\u03ce",
            "entities": [
                {
                    "entity": "intent",
                    "value": "\"no_response\""
                }
            ]
        },
        {
            "text": "\u039d\u03b1\u03b9 \u03b5\u03c5\u03c7\u03b1\u03c1\u03b9\u03c3\u03c4\u03ce",
            "entities": [
                {
                    "entity": "intent",
                    "value": "\"yes_response\""
                }
            ]
        }
    ]
}
